{
  "temporal": {
    "acc": 0.5698466780238501,
    "mcc": 0.15944739720136286
  },
  "atomic": {
    "acc": 0.51105476673428,
    "mcc": 0.05544034987244942
  },
  "analytic": {
    "acc": 0.48590021691973967,
    "mcc": -0.02964076135051774
  },
  "hellaswag": {
    "acc": 0.5911011974641934,
    "mcc": 0.06100075940442932
  }
}