{
  "transitive": 70.77833409194356,
  "hypernymy": 50.023529411764706,
  "hyponymy": 50.03529411764706,
  "verbcorner": 42.140492298834026,
  "verbnet": 58.125,
  "ner": 81.20333333333333,
  "coreference": 70.90877737540956,
  "puns": 51.70842824601367,
  "sentiment": 68.83333333333333,
  "monotonicity_infer": 44.64882943143812,
  "syntactic_alternation": 71.5034965034965,
  "kg_relations": 88.17345597897503,
  "context_align": 52.361840074096946,
  "sprl": 62.07058823529412,
  "atomic": 52.105715513536744,
  "social_chem": 50.283975659229206,
  "socialqa": 65.20073296684991,
  "logiqa": 53.533026113671276,
  "entailment_tree": 87.3529411764706,
  "cosmoqa": 49.00953778429934,
  "syllogism": 76.19310344827586,
  "ester": 62.876254180602004,
  "physicalqa": 50.272034820457016
}