{
  "transitive": {
    "acc": 0.7077833409194356,
    "mcc": 0.4259885948446314
  },
  "hypernymy": {
    "acc": 0.5002352941176471,
    "mcc": 0.010849075915068656
  },
  "hyponymy": {
    "acc": 0.5003529411764706,
    "mcc": 0.004401899095469805
  },
  "ner": {
    "acc": 0.8076,
    "mcc": 0.6160856312408742
  },
  "verbcorner": {
    "acc": 0.4214049229883403,
    "mcc": -0.1830708211027936
  },
  "verbnet": {
    "acc": 0.58125,
    "mcc": 0.16093935879850085
  },
  "syntactic_alternation": {
    "acc": 0.715034965034965,
    "mcc": 0.09967775272858183
  },
  "syntactic_variation": {
    "acc": 0.6299019607843137,
    "mcc": 0.0
  },
  "monotonicity_infer": {
    "acc": 0.5398266052560282,
    "mcc": 0.06415121454168321
  },
  "syllogism": {
    "acc": 0.7619310344827587,
    "mcc": 0.5751216890958687
  },
  "coreference": {
    "acc": 0.7090877737540955,
    "mcc": 0.41582330619149055
  },
  "puns": {
    "acc": 0.5170842824601367,
    "mcc": 0.11741345740754489
  },
  "sentiment": {
    "acc": 0.6883333333333334,
    "mcc": 0.48169788686421033
  },
  "kg_relations": {
    "acc": 0.8817345597897503,
    "mcc": 0.76242886764524
  },
  "context_align": {
    "acc": 0.5236184007409694,
    "mcc": 0.1517130901628504
  },
  "sprl": {
    "acc": 0.6207058823529412,
    "mcc": 0.2812267976770572
  },
  "atomic": {
    "acc": 0.5259928603302098,
    "mcc": 0.10608815619885788
  },
  "social_chem": {
    "acc": 0.51105476673428,
    "mcc": 0.05544034987244942
  },
  "socialqa": {
    "acc": 0.6520073296684991,
    "mcc": 0.025533918995148404
  },
  "physicalqa": {
    "acc": 0.5027203482045702,
    "mcc": 0.02261147519647878
  },
  "logiqa": {
    "acc": 0.5353302611367128,
    "mcc": 0.07814398575858282
  },
  "ester": {
    "acc": 0.6287625418060201,
    "mcc": -0.03039265221726686
  },
  "entailment_tree": {
    "acc": 0.4602941176470588,
    "mcc": -0.12257667696681554
  },
  "cosmoqa": {
    "acc": 0.4900953778429934,
    "mcc": -0.0216578221385851
  }
}