{
  "monotonicity_infer": {
    "acc": 0.5398266052560282,
    "mcc": 0.06415121454168321
  },
  "socialqa": {
    "acc": 0.6520073296684991,
    "mcc": 0.025533918995148404
  }
}