{
  "lexical": {
    "acc": 0.9075573549257759,
    "mcc": 0.8151213902161737
  },
  "transitive": {
    "acc": 0.7077833409194356,
    "mcc": 0.4259885948446314
  },
  "hypernymy": {
    "acc": 0.5002352941176471,
    "mcc": 0.010849075915068656
  },
  "hyponymy": {
    "acc": 0.5003529411764706,
    "mcc": 0.004401899095469805
  },
  "ner": {
    "acc": 0.8076,
    "mcc": 0.6160856312408742
  },
  "verbcorner": {
    "acc": 0.4214049229883403,
    "mcc": -0.1830708211027936
  },
  "verbnet": {
    "acc": 0.58125,
    "mcc": 0.16093935879850085
  },
  "syntactic_alternation": {
    "acc": 0.715034965034965,
    "mcc": 0.09967775272858183
  },
  "syntactic_variation": {
    "acc": 0.5882352941176471,
    "mcc": 0.3028698676846452
  },
  "monotonicity_infer": {
    "acc": 0.5083046067063617,
    "mcc": 0.010084251305029665
  },
  "syllogism": {
    "acc": 0.7814285714285715,
    "mcc": 0.5654724962545608
  },
  "coreference": {
    "acc": 0.7090877737540955,
    "mcc": 0.41582330619149055
  },
  "puns": {
    "acc": 0.5170842824601367,
    "mcc": 0.11741345740754489
  },
  "sentiment": {
    "acc": 0.6883333333333334,
    "mcc": 0.48169788686421033
  },
  "kg_relations": {
    "acc": 0.8817345597897503,
    "mcc": 0.76242886764524
  },
  "context_align": {
    "acc": 0.4831229418221734,
    "mcc": 0.10572034414175815
  },
  "sprl": {
    "acc": 0.6207058823529412,
    "mcc": 0.2812267976770572
  },
  "socialqa": {
    "acc": 0.6520073296684991,
    "mcc": 0.025533918995148404
  },
  "physicalqa": {
    "acc": 0.5027203482045702,
    "mcc": 0.02261147519647878
  },
  "logiqa": {
    "acc": 0.5353302611367128,
    "mcc": 0.07814398575858282
  },
  "ester": {
    "acc": 0.5891238670694864,
    "mcc": 0.1508729188347483
  },
  "entailment_tree": {
    "acc": 0.8735294117647059,
    "mcc": 0.7528247751862969
  },
  "proof_writer": {
    "acc": 0.8789253314724355,
    "mcc": 0.7694932761118215
  },
  "cosmoqa": {
    "acc": 0.4900953778429934,
    "mcc": -0.0216578221385851
  },
  "drop": {
    "acc": 0.5626332622601279,
    "mcc": 0.2497428122780333
  },
  "temporal": {
    "acc": 0.5698466780238501,
    "mcc": 0.15944739720136286
  },
  "atomic": {
    "acc": 0.51105476673428,
    "mcc": 0.05544034987244942
  },
  "analytic": {
    "acc": 0.48590021691973967,
    "mcc": -0.02964076135051774
  },
  "hellaswag": {
    "acc": 0.5911011974641934,
    "mcc": 0.06100075940442932
  },
  "spatial": {
    "acc": 0.5568,
    "mcc": 0.13800814361662322
  },
  "counterfactual": {
    "acc": 0.5023781212841855,
    "mcc": 0.019277164398874676
  }
}