{
  "control": {
    "acc": 0.45261845386533667,
    "mcc": 0.21826102576359344
  }
}