{
  "context_align": 1.84066903591156,
  "monotonicity_infer": 2.4816887378692627,
  "drop": 3.045374870300293
}