{
  "context_align": 1.84066903591156,
  "monotonicity_infer": 2.4816887378692627,
  "drop": 3.045374870300293,
  "adversarial_nli_r3": 1.2203369140625
}