{
  "transitive": {
    "acc": 0.37710514337733275,
    "mcc": -0.320344882015513
  },
  "hypernymy": {
    "acc": 0.49458823529411766,
    "mcc": -0.011260139405641679
  },
  "hyponymy": {
    "acc": 0.508,
    "mcc": 0.02294316120402088
  },
  "ner": {
    "acc": 0.4482,
    "mcc": -0.21710417227424075
  },
  "verbcorner": {
    "acc": 0.6752555059738017,
    "mcc": 0.35258282275640784
  },
  "verbnet": {
    "acc": 0.48125,
    "mcc": -0.17789966056552192
  },
  "syntactic_alternation": {
    "acc": 0.2906468531468531,
    "mcc": 0.018893262835662554
  },
  "syntactic_variation": {
    "acc": 0.9313725490196079,
    "mcc": 0.0
  },
  "monotonicity_infer": {
    "acc": 0.4216546537135694,
    "mcc": -0.2935275696585361
  },
  "syllogism": {
    "acc": 0.518625,
    "mcc": 0.04843959585339456
  },
  "coreference": {
    "acc": 0.47611657182272804,
    "mcc": -0.15028550801861468
  },
  "puns": {
    "acc": 0.4020501138952164,
    "mcc": -0.195950616705562
  },
  "sentiment": {
    "acc": 0.225,
    "mcc": -0.6135949271566314
  },
  "kg_relations": {
    "acc": 0.3508541392904074,
    "mcc": -0.24494653427965316
  },
  "context_align": {
    "acc": 0.3888583973655324,
    "mcc": -0.22721734257344878
  },
  "sprl": {
    "acc": 0.5163529411764706,
    "mcc": 0.05064609330866854
  },
  "atomic": {
    "acc": 0.46352074966532797,
    "mcc": -0.15371778322634153
  },
  "social_chem": {
    "acc": 0.44614604462474644,
    "mcc": -0.1385488276815123
  },
  "socialqa": {
    "acc": 0.6281859070464768,
    "mcc": 0.0043585606234028225
  },
  "physicalqa": {
    "acc": 0.47170837867247006,
    "mcc": -0.08715709461355726
  },
  "logiqa": {
    "acc": 0.5084485407066052,
    "mcc": 0.01952107467603568
  },
  "ester": {
    "acc": 0.3511705685618729,
    "mcc": -0.0579983415391326
  },
  "cosmoqa": {
    "acc": 0.4392883345561262,
    "mcc": -0.1627395288540176
  },
  "drop": {
    "acc": 0.30845771144278605,
    "mcc": -0.05555243222807805
  },
  "entailment_tree": {
    "acc": 0.5044117647058823,
    "mcc": 0.023443939954936904
  },
  "proof_writer": {
    "acc": 0.24749941846941148,
    "mcc": -0.552009920983939
  },
  "temporal": {
    "acc": 0.5081081081081081,
    "mcc": 0.017516018516031816
  },
  "spatial": {
    "acc": 0.3575,
    "mcc": -0.2888512657259846
  },
  "counterfactual": {
    "acc": 0.49227110582639716,
    "mcc": -0.0392407347658145
  }
}