{
  "temporal": {
    "acc": 0.469335604770017,
    "mcc": -0.07286792513358904
  },
  "atomic": {
    "acc": 0.44614604462474644,
    "mcc": -0.1385488276815123
  },
  "analytic": {
    "acc": 0.4837310195227766,
    "mcc": -0.034200878481366624
  },
  "hellaswag": {
    "acc": 0.5223057055646866,
    "mcc": -0.09948517233811897
  }
}