{
  "lexical": {
    "acc": 0.1346153846153846,
    "mcc": -0.752682676293403
  },
  "transitive": {
    "acc": 0.37710514337733275,
    "mcc": -0.320344882015513
  },
  "hypernymy": {
    "acc": 0.49458823529411766,
    "mcc": -0.011260139405641679
  },
  "hyponymy": {
    "acc": 0.508,
    "mcc": 0.02294316120402088
  },
  "ner": {
    "acc": 0.4482,
    "mcc": -0.21710417227424075
  },
  "verbcorner": {
    "acc": 0.6752555059738017,
    "mcc": 0.35258282275640784
  },
  "verbnet": {
    "acc": 0.48125,
    "mcc": -0.17789966056552192
  },
  "syntactic_alternation": {
    "acc": 0.2906468531468531,
    "mcc": 0.018893262835662554
  },
  "syntactic_variation": {
    "acc": 0.3161764705882353,
    "mcc": -0.10731279934827362
  },
  "monotonicity_infer": {
    "acc": 0.4216546537135694,
    "mcc": -0.2935275696585361
  },
  "syllogism": {
    "acc": 0.5228571428571429,
    "mcc": 0.039697446702988165
  },
  "coreference": {
    "acc": 0.47611657182272804,
    "mcc": -0.15028550801861468
  },
  "puns": {
    "acc": 0.4020501138952164,
    "mcc": -0.195950616705562
  },
  "sentiment": {
    "acc": 0.225,
    "mcc": -0.6135949271566314
  },
  "kg_relations": {
    "acc": 0.3508541392904074,
    "mcc": -0.24494653427965316
  },
  "context_align": {
    "acc": 0.3888583973655324,
    "mcc": -0.22721734257344878
  },
  "sprl": {
    "acc": 0.5163529411764706,
    "mcc": 0.05064609330866854
  },
  "socialqa": {
    "acc": 0.6281859070464768,
    "mcc": 0.0043585606234028225
  },
  "physicalqa": {
    "acc": 0.47170837867247006,
    "mcc": -0.08715709461355726
  },
  "logiqa": {
    "acc": 0.5084485407066052,
    "mcc": 0.01952107467603568
  },
  "cosmoqa": {
    "acc": 0.4392883345561262,
    "mcc": -0.1627395288540176
  },
  "drop": {
    "acc": 0.44113173106175846,
    "mcc": -0.036493943863115066
  },
  "ester": {
    "acc": 0.4486404833836858,
    "mcc": 0.005041520367585234
  },
  "entailment_tree": {
    "acc": 0.35294117647058826,
    "mcc": -0.35994517732556675
  },
  "temporal": {
    "acc": 0.469335604770017,
    "mcc": -0.07286792513358904
  },
  "atomic": {
    "acc": 0.44614604462474644,
    "mcc": -0.1385488276815123
  },
  "analytic": {
    "acc": 0.4837310195227766,
    "mcc": -0.034200878481366624
  },
  "hellaswag": {
    "acc": 0.5223057055646866,
    "mcc": -0.09948517233811897
  },
  "spatial": {
    "acc": 0.3575,
    "mcc": -0.2888512657259846
  },
  "counterfactual": {
    "acc": 0.49227110582639716,
    "mcc": -0.0392407347658145
  }
}