{
  "control": {
    "acc": 0.28428927680798005,
    "mcc": -0.08187219248940916
  }
}