{
  "lexical": {
    "acc": 0.008438818565400843,
    "mcc": -0.5196006618444156
  },
  "boolean": {
    "acc": 0.055,
    "mcc": -0.48927018316913823
  },
  "comparative": {
    "acc": 0.195,
    "mcc": -0.22061781630068317
  },
  "conditional": {
    "acc": 0.165,
    "mcc": -0.2978502717678671
  },
  "counting": {
    "acc": 0.328,
    "mcc": -0.04231205116173919
  },
  "negation": {
    "acc": 0.131,
    "mcc": -0.3482621717739148
  },
  "quantifier": {
    "acc": 0.094,
    "mcc": -0.45745660556165624
  }
}