{
  "ester": 36.78929765886288,
  "physicalqa": 47.388465723612626
}