{
  "social_chem": 44.20892494929006,
  "atomic": 44.99107541276216,
}