{
  "lexical": {
    "acc": 0.9082321187584346,
    "mcc": 0.8166546356188948
  },
  "transitive": {
    "acc": 0.7660446062812927,
    "mcc": 0.5346076339204463
  },
  "hypernymy": {
    "acc": 0.5002352941176471,
    "mcc": 0.0022499422756589757
  },
  "hyponymy": {
    "acc": 0.5001176470588236,
    "mcc": 0.0005714406067942148
  },
  "ner": {
    "acc": 0.7766,
    "mcc": 0.5671463699849024
  },
  "verbcorner": {
    "acc": 0.3566287606160933,
    "mcc": -0.2987141320287887
  },
  "verbnet": {
    "acc": 0.56875,
    "mcc": 0.14777147134069185
  },
  "syntactic_alternation": {
    "acc": 0.7128496503496503,
    "mcc": 0.08027636955926001
  },
  "syntactic_variation": {
    "acc": 0.6470588235294118,
    "mcc": 0.3260548140926823
  },
  "monotonicity_infer": {
    "acc": 0.5372527770251965,
    "mcc": 0.059209049588288105
  },
  "syllogism": {
    "acc": 0.6485714285714286,
    "mcc": 0.30718560020331326
  },
  "coreference": {
    "acc": 0.6923607518537679,
    "mcc": 0.38452745577225506
  },
  "puns": {
    "acc": 0.5820045558086561,
    "mcc": 0.17595551711674817
  },
  "sentiment": {
    "acc": 0.735,
    "mcc": 0.5542468245138262
  },
  "kg_relations": {
    "acc": 0.8567674113009198,
    "mcc": 0.7162472134456739
  },
  "context_align": {
    "acc": 0.5855202222908304,
    "mcc": 0.28233750404021823
  },
  "sprl": {
    "acc": 0.6478823529411765,
    "mcc": 0.29984804018991673
  },
  "socialqa": {
    "acc": 0.6391804097951025,
    "mcc": 0.018978138211775557
  },
  "physicalqa": {
    "acc": 0.5059847660500544,
    "mcc": 0.04052534476445269
  },
  "logiqa": {
    "acc": 0.5276497695852534,
    "mcc": 0.05956828782423106
  },
  "drop": {
    "acc": 0.5649528445390934,
    "mcc": 0.08310822855288148
  },
  "ester": {
    "acc": 0.552870090634441,
    "mcc": 0.020920851414472124
  },
  "entailment_tree": {
    "acc": 0.8529411764705882,
    "mcc": 0.7066652533375734
  },
  "cosmoqa": {
    "acc": 0.49779897285399854,
    "mcc": -0.0046738200562388985
  },
  "spatial": {
    "acc": 0.5551,
    "mcc": 0.11111451353408432
  },
  "temporal": {
    "acc": 0.5604770017035775,
    "mcc": 0.12338723513246985
  },
  "atomic": {
    "acc": 0.5128803245436105,
    "mcc": 0.06027118657919261
  },
  "analytic": {
    "acc": 0.5075921908893709,
    "mcc": 0.015184953401846172
  },
  "hellaswag": {
    "acc": 0.5808875322845738,
    "mcc": 0.035014694885315195
  },
  "counterfactual": {
    "acc": 0.5077288941736029,
    "mcc": 0.04308132661448776
  }
}