{
  "temporal": {
    "acc": 0.5604770017035775,
    "mcc": 0.12338723513246985
  },
  "atomic": {
    "acc": 0.5128803245436105,
    "mcc": 0.06027118657919261
  },
  "analytic": {
    "acc": 0.5075921908893709,
    "mcc": 0.015184953401846172
  },
  "hellaswag": {
    "acc": 0.5808875322845738,
    "mcc": 0.035014694885315195
  }
}