{
  "control": {
    "acc": 0.5293017456359103,
    "mcc": 0.30244515987250353
  }
}