{
  "monotonicity_infer": {
    "acc": 0.4142901911626449,
    "mcc": -0.306411220053616
  },
  "context_align": {
    "acc": 0.4088913282107574,
    "mcc": -0.1868582068027608
  },
  "drop": {
    "acc": 0.3783759772565743,
    "mcc": -0.1418067325700615
  },
  "temporal": {
    "acc": 0.24017531044558071,
    "mcc": -0.5662243401290046
  },
  "spatial": {
    "acc": 0.4806,
    "mcc": -0.040047523070047636
  },
  "proof_writer": {
    "acc": 0.17818097231914398,
    "mcc": -0.6820296485590502
  },
  "counterfactual": {
    "acc": 0.49167657550535077,
    "mcc": -0.03660459110126766
  }
}