{
  "transitive": {
    "acc": 0.35707783340919436,
    "mcc": -0.34947653589420763
  },
  "hypernymy": {
    "acc": 0.5117647058823529,
    "mcc": 0.023710317380930237
  },
  "hyponymy": {
    "acc": 0.5197647058823529,
    "mcc": 0.051109264280215845
  },
  "ner": {
    "acc": 0.3986,
    "mcc": -0.31979197725790687
  },
  "verbcorner": {
    "acc": 0.688282711961998,
    "mcc": 0.38103562194123686
  },
  "verbnet": {
    "acc": 0.4625,
    "mcc": -0.22333146803302648
  },
  "syntactic_alternation": {
    "acc": 0.2910839160839161,
    "mcc": -0.0060341427331720085
  },
  "syntactic_variation": {
    "acc": 0.9117647058823529,
    "mcc": 0.0
  },
  "monotonicity_infer": {
    "acc": 0.4142901911626449,
    "mcc": -0.306411220053616
  },
  "syllogism": {
    "acc": 0.436875,
    "mcc": -0.19347325603504661
  },
  "coreference": {
    "acc": 0.45473357475426796,
    "mcc": -0.22402229560958903
  },
  "puns": {
    "acc": 0.4652619589977221,
    "mcc": -0.07656630994441031
  },
  "sentiment": {
    "acc": 0.09333333333333334,
    "mcc": -0.8230664867324422
  },
  "kg_relations": {
    "acc": 0.3442838370565046,
    "mcc": -0.28067622368589884
  },
  "context_align": {
    "acc": 0.4088913282107574,
    "mcc": -0.1868582068027608
  },
  "sprl": {
    "acc": 0.4788235294117647,
    "mcc": -0.07196314128276966
  },
  "atomic": {
    "acc": 0.4499107541276216,
    "mcc": -0.19467213453128743
  },
  "social_chem": {
    "acc": 0.4420892494929006,
    "mcc": -0.15798884746284686
  },
  "socialqa": {
    "acc": 0.6195235715475595,
    "mcc": -0.012268253281928331
  },
  "physicalqa": {
    "acc": 0.4738846572361262,
    "mcc": -0.08659239342685227
  },
  "logiqa": {
    "acc": 0.49923195084485406,
    "mcc": -0.0016974235012230004
  },
  "ester": {
    "acc": 0.36789297658862874,
    "mcc": 0.09594119455666703
  },
  "cosmoqa": {
    "acc": 0.4405722670579604,
    "mcc": -0.1704564476867661
  },
  "drop": {
    "acc": 0.3783759772565743,
    "mcc": -0.1418067325700615
  },
  "entailment_tree": {
    "acc": 0.49558823529411766,
    "mcc": -0.018126640047334868
  },
  "proof_writer": {
    "acc": 0.17818097231914398,
    "mcc": -0.6820296485590502
  },
  "temporal": {
    "acc": 0.24017531044558071,
    "mcc": -0.5662243401290046
  },
  "spatial": {
    "acc": 0.4806,
    "mcc": -0.040047523070047636
  },
  "counterfactual": {
    "acc": 0.49167657550535077,
    "mcc": -0.03660459110126766
  }
}