{
  "lexical": {
    "acc": 0.12887989203778677,
    "mcc": -0.7643667675023416
  },
  "transitive": {
    "acc": 0.35707783340919436,
    "mcc": -0.34947653589420763
  },
  "hypernymy": {
    "acc": 0.5117647058823529,
    "mcc": 0.023710317380930237
  },
  "hyponymy": {
    "acc": 0.5197647058823529,
    "mcc": 0.051109264280215845
  },
  "ner": {
    "acc": 0.3986,
    "mcc": -0.31979197725790687
  },
  "verbcorner": {
    "acc": 0.688282711961998,
    "mcc": 0.38103562194123686
  },
  "verbnet": {
    "acc": 0.4625,
    "mcc": -0.22333146803302648
  },
  "syntactic_alternation": {
    "acc": 0.2910839160839161,
    "mcc": -0.0060341427331720085
  },
  "syntactic_variation": {
    "acc": 0.30637254901960786,
    "mcc": -0.16015082834212604
  },
  "monotonicity_infer": {
    "acc": 0.4142901911626449,
    "mcc": -0.306411220053616
  },
  "syllogism": {
    "acc": 0.3985714285714286,
    "mcc": -0.34759705836298244
  },
  "coreference": {
    "acc": 0.45473357475426796,
    "mcc": -0.22402229560958903
  },
  "puns": {
    "acc": 0.4652619589977221,
    "mcc": -0.07656630994441031
  },
  "sentiment": {
    "acc": 0.09333333333333334,
    "mcc": -0.8230664867324422
  },
  "kg_relations": {
    "acc": 0.3442838370565046,
    "mcc": -0.28067622368589884
  },
  "context_align": {
    "acc": 0.4088913282107574,
    "mcc": -0.1868582068027608
  },
  "sprl": {
    "acc": 0.4788235294117647,
    "mcc": -0.07196314128276966
  },
  "socialqa": {
    "acc": 0.6195235715475595,
    "mcc": -0.012268253281928331
  },
  "physicalqa": {
    "acc": 0.4738846572361262,
    "mcc": -0.08659239342685227
  },
  "logiqa": {
    "acc": 0.49923195084485406,
    "mcc": -0.0016974235012230004
  },
  "cosmoqa": {
    "acc": 0.4405722670579604,
    "mcc": -0.1704564476867661
  },
  "drop": {
    "acc": 0.440371159111652,
    "mcc": -0.08739096495287817
  },
  "ester": {
    "acc": 0.43655589123867067,
    "mcc": -0.06905910405265174
  },
  "entailment_tree": {
    "acc": 0.46176470588235297,
    "mcc": -0.11503523919374477
  },
  "temporal": {
    "acc": 0.4727427597955707,
    "mcc": -0.06758820604219981
  },
  "atomic": {
    "acc": 0.4420892494929006,
    "mcc": -0.15798884746284686
  },
  "analytic": {
    "acc": 0.5108459869848156,
    "mcc": 0.022507912922332802
  },
  "hellaswag": {
    "acc": 0.518548955153792,
    "mcc": -0.1150151158929911
  },
  "spatial": {
    "acc": 0.4806,
    "mcc": -0.040047523070047636
  },
  "counterfactual": {
    "acc": 0.49167657550535077,
    "mcc": -0.03660459110126766
  }
}