{
  "transitive": 35.707783340919434,
  "hypernymy": 51.1764705882353,
  "hyponymy": 51.976470588235294,
  "verbcorner": 68.8282711961998,
  "verbnet": 46.25,
  "ner": 40.846666666666664,
  "coreference": 45.473357475426795,
  "puns": 46.52619589977221,
  "sentiment": 9.333333333333334,
  "monotonicity_infer": 44.46302489780751,
  "syntactic_alternation": 29.10839160839161,
  "kg_relations": 34.42838370565046,
  "context_align": 41.88020994133992,
  "sprl": 47.88235294117647,
  "atomic": 42.522561237645036,
  "social_chem": 40.98377281947262,
  "socialqa": 61.95235715475596,
  "logiqa": 49.92319508448541,
  "entailment_tree": 46.1764705882353,
  "cosmoqa": 44.05722670579604,
  "syllogism": 29.6,
  "ester": 36.78929765886288,
  "physicalqa": 47.388465723612626
}