{
  "temporal": {
    "acc": 0.4727427597955707,
    "mcc": -0.06758820604219981
  },
  "atomic": {
    "acc": 0.4420892494929006,
    "mcc": -0.15798884746284686
  },
  "analytic": {
    "acc": 0.5108459869848156,
    "mcc": 0.022507912922332802
  },
  "hellaswag": {
    "acc": 0.518548955153792,
    "mcc": -0.1150151158929911
  }
}