{
  "boolean": {
    "acc": 0.031,
    "mcc": -0.5119361555324595
  },
  "comparative": {
    "acc": 0.355,
    "mcc": 0.01727266943198075
  },
  "conditional": {
    "acc": 0.0,
    "mcc": -0.5741482200662011
  },
  "counting": {
    "acc": 0.398,
    "mcc": 0.12009164630595472
  },
  "negation": {
    "acc": 0.157,
    "mcc": -0.393114425102493
  },
  "quantifier": {
    "acc": 0.131,
    "mcc": -0.4216048360620015
  },
  "control": {
    "acc": 0.28615960099750626,
    "mcc": -0.04855858434775133
  }
}