{
  "control": {
    "acc": 0.28615960099750626,
    "mcc": -0.04855858434775133
  }
}